timestamp,rank,article,views
2026-10-02T09:34:55+00:00,1,メインページ,761187
2026-10-02T09:34:55+00:00,2,野上士耀,160834
2026-10-02T09:34:55+00:00,3,特別:検索,117940
2026-10-02T09:34:55+00:00,4,宇野千代,68638
2026-10-02T09:34:55+00:00,5,中村奨吾,52988
2026-10-02T09:34:55+00:00,6,織田裕二,35228
2026-10-02T09:34:55+00:00,7,林士平,34257
2026-10-02T09:34:55+00:00,8,山本萩子,33020
2026-10-02T09:34:55+00:00,9,石橋静河,30056
2026-10-02T09:34:55+00:00,10,菅生新,29211
2026-10-02T09:34:55+00:00,11,TOSHI-LOW,28790
2026-10-02T09:34:55+00:00,12,ブラッサム,27160
2026-10-02T09:34:55+00:00,13,ピサノ・アレックス幸冬堀尾,26475
2026-10-02T09:34:55+00:00,14,竜星涼,26291
2026-10-02T09:34:55+00:00,15,小瀬浩之,26057
2026-10-02T09:34:55+00:00,16,ブライト健太,26019
2026-10-02T09:34:55+00:00,17,藤垣裕子,25012
2026-10-02T09:34:55+00:00,18,板東湧梧,22946
2026-10-02T09:34:55+00:00,19,中島佑気ジョセフ,21869
2026-10-02T09:34:55+00:00,20,藤崎奈々子,21803
2026-10-02T09:34:55+00:00,21,辻本倫太郎,21578
2026-10-02T09:34:55+00:00,22,藤咲碧羽,21492
2026-10-02T09:34:55+00:00,23,大関友翔,21481
2026-10-02T09:34:55+00:00,24,赤城山,21109
2026-10-02T09:34:55+00:00,25,橋本真由美,20929
2026-10-02T09:34:55+00:00,26,ONE_LOVE_ONE_HEART,19676
2026-10-02T09:34:55+00:00,27,大岩剛,17940
2026-10-02T09:34:55+00:00,28,田口智也,17845
2026-10-02T09:34:55+00:00,29,津田健次郎,17439
2026-10-02T09:34:55+00:00,30,ニデック_(電機メーカー),17371
2026-10-02T09:34:55+00:00,31,壇蜜,17367
2026-10-02T09:34:55+00:00,32,細木かおり,17285
2026-10-02T09:34:55+00:00,33,小園健太,17198
2026-10-02T09:34:55+00:00,34,ウズベキスタン,16793
2026-10-02T09:34:55+00:00,35,山本裕典,16760
2026-10-02T09:34:55+00:00,36,田中希実,16750
2026-10-02T09:34:55+00:00,37,小泉深雪,16069
2026-10-02T09:34:55+00:00,38,十勝花子,15918
2026-10-02T09:34:55+00:00,39,山﨑努,15339
2026-10-02T09:34:55+00:00,40,岡本三成,15013
2026-10-02T09:34:55+00:00,41,松岡茉優,14536
2026-10-02T09:34:55+00:00,42,近藤隼斗,14005
2026-10-02T09:34:55+00:00,43,中川颯,13817
2026-10-02T09:34:55+00:00,44,水田信二,13653
2026-10-02T09:34:55+00:00,45,WEST.,13090
2026-10-02T09:34:55+00:00,46,北乃きい,13063
2026-10-02T09:34:55+00:00,47,大貫晋一,12952
2026-10-02T09:34:55+00:00,48,染谷隆夫,12914
2026-10-02T09:34:55+00:00,49,髙橋藍,12673
2026-10-02T09:34:55+00:00,50,Supercell_(クリエイター集団),12581
2026-10-02T09:34:55+00:00,51,髙橋塁,12410
2026-10-02T09:34:55+00:00,52,ダウンタイム,12201
2026-10-02T09:34:55+00:00,53,内柴正人,11944
2026-10-02T09:34:55+00:00,54,踊る大捜査線,11848
2026-10-02T09:34:55+00:00,55,矢口アサミ,11771
2026-10-02T09:34:55+00:00,56,菅田将暉,11665
2026-10-02T09:34:55+00:00,57,スキマスイッチ,11662
2026-10-02T09:34:55+00:00,58,ンワディケ・ウチェ・ブライアン世雄,11661
2026-10-02T09:34:55+00:00,59,国谷裕子,11654
2026-10-02T09:34:55+00:00,60,石田隼都,11644
2026-10-02T09:34:55+00:00,61,簗和生,11565
2026-10-02T09:34:55+00:00,62,石橋凌,11382
2026-10-02T09:34:55+00:00,63,森本哲星,11135
2026-10-02T09:34:55+00:00,64,BRAHMAN,10981
2026-10-02T09:34:55+00:00,65,菅生新樹,10760
2026-10-02T09:34:55+00:00,66,細木数子,10405
2026-10-02T09:34:55+00:00,67,桃華絵里,10323
2026-10-02T09:34:55+00:00,68,ハチミツ二郎,10233
2026-10-02T09:34:55+00:00,69,荒尾怜音,10200
2026-10-02T09:34:55+00:00,70,原田美枝子,10131
2026-10-02T09:34:55+00:00,71,佐々木千隼,10069
2026-10-02T09:34:55+00:00,72,徳山秀典,9953
2026-10-02T09:34:55+00:00,73,井上一樹,9948
2026-10-02T09:34:55+00:00,74,りょう_(女優),9721
2026-10-02T09:34:55+00:00,75,VIVANT,9688
2026-10-02T09:34:55+00:00,76,松井颯,9667
2026-10-02T09:34:55+00:00,77,ヤニねこ,9666
2026-10-02T09:34:55+00:00,78,倉本聰,9661
2026-10-02T09:34:55+00:00,79,北尾光司,9616
2026-10-02T09:34:55+00:00,80,福澤克雄,9599
2026-10-02T09:34:55+00:00,81,石渡ネルソン,9596
2026-10-02T09:34:55+00:00,82,滝沢ななえ,9436
2026-10-02T09:34:55+00:00,83,トイザらス,9213
2026-10-02T09:34:55+00:00,84,濱田岳,9111
2026-10-02T09:34:55+00:00,85,近藤美月,9086
2026-10-02T09:34:55+00:00,86,仲野太賀,8934
2026-10-02T09:34:55+00:00,87,小杉啓太,8906
2026-10-02T09:34:55+00:00,88,永守重信,8803
2026-10-02T09:34:55+00:00,89,竹内涼真,8780
2026-10-02T09:34:55+00:00,90,阿部光子_(女優),8770
2026-10-02T09:34:55+00:00,91,加藤清正,8427
2026-10-02T09:34:55+00:00,92,渡部篤郎,8195
2026-10-02T09:34:55+00:00,93,GTO_(1998年のテレビドラマ),8161
2026-10-02T09:34:55+00:00,94,オデュッセイア_(映画),8160
2026-10-02T09:34:55+00:00,95,田口麗斗,7926
2026-10-02T09:34:55+00:00,96,M!LK,7823
2026-10-02T09:34:55+00:00,97,岩屋毅,7743
2026-10-02T09:34:55+00:00,98,菅本裕子,7716
2026-10-02T09:34:55+00:00,99,ブックオフコーポレーション,7666
2026-10-02T09:34:55+00:00,100,高橋慶帆,7642
